{
  "preferences": {
    "autoBackup": true
  },
  "tasks": [
    {
      "text": "test edit again",
      "project": "webapp",
      "due": "2025-09-18",
      "priority": 1,
      "status": "pending",
      "created": "2025-09-15",
      "id": "2",
      "subtasks": [
        {
          "text": "subtask2",
          "completed": false,
          "created": "2025-10-04 14:26:09"
        }
      ]
    },
    {
      "id": 2,
      "text": "Update documentation for API endpoints",
      "project": "docs",
      "due": "2025-09-20",
      "priority": 2,
      "status": "in-progress",
      "created": "2025-09-16"
    },
    {
      "id": 3,
      "text": "Review pull request #145",
      "project": "webapp",
      "due": "2025-09-17",
      "priority": 1,
      "status": "completed",
      "created": "2025-09-14"
    },
    {
      "id": 4,
      "text": "Prepare quarterly team meeting",
      "project": "management",
      "due": "2025-09-19",
      "priority": 3,
      "status": "pending",
      "created": "2025-09-16"
    },
    {
      "id": 5,
      "text": "Deploy hotfix to production",
      "project": "webapp",
      "due": "2025-09-18",
      "priority": 1,
      "status": "active",
      "created": "2025-09-18"
    },
    {
      "due": "2025-09-20",
      "tags": [],
      "created": "2025-09-20 08:19:53",
      "priority": 0,
      "project": "1234 ab ltd.",
      "text": "description here",
      "id": 6,
      "status": "pending"
    },
    {
      "id": 7.0,
      "text": "new task",
      "status": "blocked",
      "priority": "high",
      "project": "inbox",
      "due": "2025-10-04",
      "created": "2025-10-03 13:25:38"
    },
    {
      "id": 8.0,
      "text": "addding a test task",
      "status": "active",
      "priority": "high",
      "project": null,
      "due": null,
      "created": "2025-10-03 20:33:37"
    },
    {
      "id": 9.0,
      "text": "test task addition",
      "status": "active",
      "priority": "high",
      "project": "1234 ab ltd.",
      "due": null,
      "created": "2025-10-06 12:19:17"
    }
  ],
  "schema_version": 1,
  "currentContext": "inbox",
  "projects": [
    {
      "aliases": [],
      "name": "inbox",
      "created": "2025-09-18 21:46:08",
      "description": "Default inbox"
    },
    {
      "aliases": [],
      "name": "webapp",
      "created": "2025-09-15 10:00:00",
      "description": "Web application development"
    },
    {
      "aliases": [],
      "name": "docs",
      "created": "2025-09-16 11:30:00",
      "description": "Documentation and guides"
    },
    {
      "aliases": [],
      "name": "management",
      "created": "2025-09-16 14:00:00",
      "description": "Team and project management"
    },
    {
      "name": "''",
      "description": "Created 2025-09-20",
      "aliases": [],
      "created": "2025-09-20 07:54:25"
    },
    {
      "name": "1234 ab ltd.",
      "description": "Created 2025-09-20",
      "aliases": [],
      "created": "2025-09-20 08:17:20"
    }
  ],
  "activityLog": [
    {
      "action": "edit:text",
      "user": null,
      "timestamp": "2025-09-19 07:52:26"
    },
    {
      "user": null,
      "timestamp": "2025-09-19 08:03:10",
      "action": "edit:text"
    },
    {
      "user": null,
      "timestamp": "2025-09-19 08:03:30",
      "action": "edit:text"
    },
    {
      "timestamp": "2025-09-19 08:13:52",
      "action": "edit:text",
      "user": null
    },
    {
      "timestamp": "2025-09-19 08:13:53",
      "action": "edit:text",
      "user": null
    },
    {
      "action": "edit:text",
      "timestamp": "2025-09-19 08:19:22",
      "user": null
    },
    {
      "action": "edit:text",
      "timestamp": "2025-09-19 08:19:34",
      "user": null
    },
    {
      "action": "edit:text",
      "timestamp": "2025-09-19 08:19:44",
      "user": null
    },
    {
      "action": "edit:id",
      "timestamp": "2025-09-19 08:19:51",
      "user": null
    },
    {
      "action": "edit:text",
      "timestamp": "2025-09-19 08:19:51",
      "user": null
    },
    {
      "action": "edit:text",
      "user": null,
      "timestamp": "2025-09-19 08:29:37"
    },
    {
      "user": null,
      "timestamp": "2025-09-19 18:40:26",
      "action": "time log"
    },
    {
      "user": null,
      "timestamp": "2025-09-19 18:40:31",
      "action": "time report"
    },
    {
      "timestamp": "2025-09-19 18:49:05",
      "action": "time report",
      "user": null
    },
    {
      "user": null,
      "timestamp": "2025-09-19 19:00:21",
      "action": "time report"
    },
    {
      "timestamp": "2025-09-19 19:20:09",
      "action": "time report",
      "user": null
    },
    {
      "timestamp": "2025-09-19 19:41:23",
      "action": "time report",
      "user": null
    },
    {
      "user": null,
      "action": "time report",
      "timestamp": "2025-09-19 19:48:11"
    },
    {
      "timestamp": "2025-09-20 07:54:25",
      "action": "project add",
      "user": null
    },
    {
      "timestamp": "2025-09-20 08:17:20",
      "action": "project add",
      "user": null
    },
    {
      "timestamp": "2025-09-20 08:19:53",
      "action": "task add",
      "user": null
    },
    {
      "timestamp": "2025-10-03 13:25:38",
      "user": null,
      "action": "Added task 7"
    },
    {
      "timestamp": "2025-10-03 13:26:26",
      "user": null,
      "action": "Moved task 7 to IN PROGRESS"
    },
    {
      "action": "Added time entry: 1 hours for ",
      "user": null,
      "timestamp": "2025-10-03 14:36:17"
    },
    {
      "timestamp": "2025-10-03 16:31:10",
      "user": null,
      "action": "Added time entry: 1 hours for "
    },
    {
      "action": "Moved task 7 to TODO",
      "timestamp": "2025-10-03 17:10:26",
      "user": null
    },
    {
      "action": "Moved task 7 to BLOCKED",
      "timestamp": "2025-10-03 17:10:59",
      "user": null
    },
    {
      "action": "Moved task 7 to IN PROGRESS",
      "timestamp": "2025-10-03 17:11:03",
      "user": null
    },
    {
      "action": "Added task 8",
      "user": null,
      "timestamp": "2025-10-03 20:33:37"
    },
    {
      "action": "Moved task 8 to REVIEW",
      "user": null,
      "timestamp": "2025-10-03 20:34:00"
    },
    {
      "action": "Moved task 7 to TODO",
      "user": null,
      "timestamp": "2025-10-03 20:34:06"
    },
    {
      "action": "Moved task 7 to BLOCKED",
      "user": null,
      "timestamp": "2025-10-03 20:34:08"
    },
    {
      "action": "Added subtask to task #2",
      "timestamp": "2025-10-04 10:30:46",
      "user": null
    },
    {
      "action": "Moved task 5 to IN PROGRESS",
      "user": null,
      "timestamp": "2025-10-04 11:11:56"
    },
    {
      "action": "Moved task 8 to TODO",
      "user": null,
      "timestamp": "2025-10-04 11:11:58"
    },
    {
      "action": "Moved task 3 to DONE",
      "user": null,
      "timestamp": "2025-10-04 11:11:59"
    },
    {
      "timestamp": "2025-10-04 11:40:34",
      "action": "Moved task 8 to IN PROGRESS",
      "user": null
    },
    {
      "timestamp": "2025-10-04 11:40:37",
      "action": "Moved task 8 to TODO",
      "user": null
    },
    {
      "timestamp": "2025-10-04 11:41:02",
      "action": "Added subtask to task #2",
      "user": null
    },
    {
      "timestamp": "2025-10-04 11:41:14",
      "action": "Toggled task 2",
      "user": null
    },
    {
      "timestamp": "2025-10-04 11:41:16",
      "action": "Toggled task 2",
      "user": null
    },
    {
      "user": null,
      "action": "Added subtask to task #2",
      "timestamp": "2025-10-04 14:26:09"
    },
    {
      "timestamp": "2025-10-06 07:25:41",
      "action": "Added time entry: 1 hours for ",
      "user": null
    },
    {
      "action": "Restored from backup: .bak1",
      "timestamp": "2025-10-06 12:13:09",
      "user": null
    },
    {
      "action": "Moved task 2 to IN PROGRESS",
      "timestamp": "2025-10-06 12:15:07",
      "user": null
    },
    {
      "action": "Moved task 5 to DONE",
      "timestamp": "2025-10-06 12:15:11",
      "user": null
    },
    {
      "action": "Moved task 5 to TODO",
      "timestamp": "2025-10-06 12:15:14",
      "user": null
    },
    {
      "action": "Added task 9",
      "timestamp": "2025-10-06 12:19:17",
      "user": null
    }
  ],
  "aliases": {},
  "timelogs": [
    {
      "project": "webapp",
      "time": "18:40",
      "date": "2025-09-19",
      "notes": "",
      "minutes": 60,
      "id": 1
    },
    {
      "id": 2.0,
      "project": null,
      "id1": "050",
      "id2": null,
      "date": "today",
      "minutes": 60,
      "description": "",
      "created": "2025-10-03 14:36:17"
    },
    {
      "id": 3.0,
      "project": null,
      "id1": "050",
      "id2": null,
      "date": "2025-10-03",
      "minutes": 60,
      "description": "",
      "created": "2025-10-03 16:31:10"
    },
    {
      "id": 4.0,
      "project": null,
      "id1": "050",
      "id2": null,
      "date": "2025-10-06",
      "minutes": 60,
      "description": "",
      "created": "2025-10-06 07:25:41"
    },
    {
      "id2": null,
      "project": null,
      "id": "T001",
      "description": "",
      "created": "2025-10-06 11:28:00",
      "id1": "999",
      "minutes": 60,
      "date": "2025-10-06"
    },
    {
      "minutes": 120,
      "date": "2025-10-05",
      "id1": "999",
      "project": null,
      "id": "T002",
      "created": "2025-10-06 11:57:10",
      "id2": null,
      "description": ""
    },
    {
      "date": "2025-10-06",
      "created": "2025-10-06 12:02:13",
      "project": null,
      "id1": "72",
      "id": "T003",
      "description": "",
      "id2": null,
      "minutes": 60
    }
  ],
  "deleted": [],
  "completed": [],
  "templates": [],
  "recurringTemplates": []
}
