{
  "settings": {},
  "projects": [
    {
      "Contact2Email": null,
      "TPName": "",
      "AuditPeriod4Start": "",
      "Contact2Fax": null,
      "RequestName": "",
      "ID1": "",
      "Software2Name": null,
      "created": "2025-12-10 16:48:25",
      "T2020": "",
      "AuditPeriod3End": "",
      "status": "active",
      "Comments": "",
      "_action_request_browse": "Select file",
      "PostalCode": "",
      "AuditPeriod1End": "",
      "Period5End": null,
      "_action_checklists": "View and manage project checklists",
      "_action_folder_open": "Open in File Explorer",
      "Contact2Name": "",
      "DueDate": "",
      "ProjFolder": "",
      "Province": "",
      "AuditPeriod5Start": "",
      "AuditPeriod4End": "",
      "AuditPeriod1Start": "",
      "AccountingSoftware1Other": "",
      "modified": "2025-12-10T16:48:59.9938781-07:00",
      "AuditPeriodFrom": "",
      "AuditStartDate": "",
      "_action_t2020_open": "Open in Notepad",
      "AuditorTL": "",
      "_action_caa_open": "Open in Excel",
      "Software2Vendor": null,
      "Period2End": null,
      "AuditorName": "",
      "Software1Version": null,
      "name": "p1",
      "CAAName": "",
      "_action_assign_note": "Assign existing note to project",
      "AccountingSoftware2Type": "",
      "Period3End": null,
      "Period5Start": null,
      "Period3Start": null,
      "Contact2Ext": "",
      "Country": "",
      "AccountingSoftware1": "",
      "City": "",
      "RequestDate": "",
      "Contact1Name": "",
      "tags": [],
      "Contact1Ext": "",
      "Period4End": null,
      "Period2Start": null,
      "_separator4": "",
      "_separator1": "",
      "_action_caa_browse": "Select file",
      "Software2Version": null,
      "AuditProgram": "",
      "Contact1Phone": "",
      "AuditorPhone": "",
      "Contact1Address": "",
      "_action_folder_browse": "Select folder",
      "Contact2Address": "",
      "ShipToAddress": "",
      "_action_t2020_browse": "Select file",
      "Contact1Fax": null,
      "Period1End": null,
      "id": "dfd4acc7-088c-4627-bff4-d2555f58b9ff",
      "_action_assign_checklist": "Assign existing checklist to project",
      "AccountingSoftware1Type": "",
      "AuditPeriodTo": "",
      "AuditPeriod2Start": "",
      "AccountingSoftware2": "",
      "AuditType": "",
      "FXInfo": "",
      "ID2": "",
      "description": "",
      "Contact2Phone": "",
      "BFDate": "",
      "Contact1Title": "",
      "task_count": 0,
      "_action_notes": "View and manage project notes",
      "Address": "",
      "Contact2Title": "",
      "_separator3": "",
      "Contact1Email": null,
      "Period1Start": null,
      "AccountingSoftware2Other": "",
      "AssignedDate": "",
      "_action_request_open": "Open in Excel",
      "TPNum": "",
      "Software1Name": null,
      "_separator2": "",
      "AuditCase": "",
      "AuditPeriod2End": "",
      "Software1Vendor": null,
      "Period4Start": null,
      "CASCase": "",
      "AuditPeriod5End": "",
      "AuditorTLPhone": "",
      "AuditPeriod3Start": ""
    }
  ],
  "timelogs": [
    {
      "notes": "",
      "timecode": "050",
      "id": "3c468afa-b4db-42d3-b788-67d36dc63707",
      "task": "",
      "minutes": 15,
      "project": "",
      "timestamp": "2025-12-10T18:31:44.5683659-07:00",
      "created": "2025-12-10T18:31:44.4089201-07:00",
      "date": "2025-12-10T00:00:00"
    },
    {
      "notes": "",
      "timecode": "",
      "id": "949d8217-7e31-4b8d-a8d1-0cdf7afc37f7",
      "task": "",
      "minutes": 30,
      "project": "p1",
      "timestamp": "2025-12-10T18:32:49.2557835-07:00",
      "created": "2025-12-10T18:32:49.1277015-07:00",
      "date": "2025-12-10T00:00:00"
    }
  ],
  "tasks": [
    {
      "completed": false,
      "project": "",
      "text": "t1",
      "priority": 3,
      "tags": [
        null
      ],
      "created": "2025-12-08T16:25:50.0477285-07:00",
      "details": "",
      "status": "todo",
      "modified": "2025-12-08T16:25:50.0668998-07:00",
      "id": "6d5c794a-db0d-4e8f-ad5f-380e70756004"
    },
    {
      "completed": false,
      "project": "",
      "text": "t2",
      "priority": 3,
      "status": "todo",
      "created": "2025-12-09T20:27:40.216817-07:00",
      "tags": [
        null
      ],
      "details": "d2",
      "due": "2025-12-16T00:00:00",
      "modified": "2025-12-09T20:27:40.2581516-07:00",
      "id": "94f0e6be-edf0-4055-8d6e-cfa309c6759b"
    }
  ]
}
