{
  "schema_version": 1,
  "notes": [
    {
      "created": "2025-12-10T22:24:30.0000000",
      "title": "1",
      "id": "2553b2ef-b5a8-4cdb-889b-90d23a9f9c4a",
      "file": "C:\\Users\\jhnhe\\OneDrive\\Documents\\GitHub\\project-management-console\\og_transport\\working\\module\\notes\\2553b2ef-b5a8-4cdb-889b-90d23a9f9c4a.txt",
      "tags": [],
      "word_count": 3,
      "modified": "2025-12-11T11:06:59.0000000",
      "owner_id": "",
      "line_count": 4,
      "owner_type": "global"
    },
    {
      "created": "2025-12-11T13:05:57.3437850-07:00",
      "title": "2",
      "id": "33d7d2dd-910f-4040-8972-d11b5200cd8a",
      "file": "C:\\Users\\jhnhe\\OneDrive\\Documents\\GitHub\\project-management-console\\HYBRID\\module\\notes\\33d7d2dd-910f-4040-8972-d11b5200cd8a.txt",
      "tags": [],
      "word_count": 7,
      "modified": "2025-12-11T13:07:58.6414787-07:00",
      "owner_id": "",
      "line_count": 4,
      "owner_type": "global"
    }
  ]
}
