{
  "projects": [
    {
      "AssignedDate": "",
      "ID2": "111",
      "created": "2025-11-08 18:08:46",
      "id": "acd03210-ed38-45c1-be15-ddb97f48f35c",
      "status": "active",
      "description": "",
      "DueDate": "",
      "ProjFolder": "/home/teej",
      "task_count": 0,
      "BFDate": "",
      "ID1": "1",
      "modified": "2025-11-08T18:08:46.0713666-07:00",
      "name": "11",
      "tags": []
    },
    {
      "AssignedDate": "",
      "ID2": "111",
      "created": "2025-11-08 18:25:54",
      "id": "95109a8a-f664-4eb5-a017-3adcdb085e43",
      "status": "active",
      "description": "",
      "DueDate": "",
      "ProjFolder": "/home/teej",
      "BFDate": "",
      "ID1": "11",
      "modified": "2025-11-08T18:25:54.7970166-07:00",
      "name": "1",
      "tags": []
    }
  ],
  "timelogs": [
    {
      "date_display": "2025-11-09",
      "id": "99f67c97-c8ea-4c24-8534-b919b2e8df1a",
      "minutes": 60,
      "notes": "",
      "created": "2025-11-09T09:03:24.0686304-07:00",
      "timecode": "050",
      "timestamp": "2025-11-09T09:03:24.1034743-07:00",
      "project": "1",
      "date": "2025-11-09T00:00:00",
      "task": "",
      "duration": "01:00"
    },
    {
      "date": "2025-11-09T00:00:00",
      "id": "73fa899f-7d0e-41d3-908e-52a0f3cdb746",
      "minutes": 60,
      "notes": "",
      "created": "2025-11-09T09:10:01.7090832-07:00",
      "timecode": "050",
      "timestamp": "2025-11-09T09:10:01.7451802-07:00",
      "project": "1",
      "task": ""
    },
    {
      "date": "2025-11-11T00:00:00",
      "id": "7204f5b3-a2de-46ec-8653-dfcc6f18fb9c",
      "minutes": 60,
      "notes": "",
      "created": "2025-11-11T19:46:36.6759838-07:00",
      "timecode": "040",
      "timestamp": "2025-11-11T19:46:36.6835323-07:00",
      "project": "(No Project)",
      "task": ""
    }
  ],
  "settings": {},
  "tasks": [
    {
      "text": "t1",
      "completed": false,
      "id": "03c73fd6-81d4-460b-9467-24187478bd3e",
      "status": "pending",
      "tags": [],
      "due": null,
      "created": "2025-11-08T09:20:50.6491728-07:00",
      "priority": 3,
      "modified": "2025-11-08T09:20:50.6491728-07:00",
      "project": ""
    },
    {
      "text": "222",
      "completed": false,
      "id": "c6f2bed5-6246-4be9-afc8-161bbb3ebcb0",
      "status": "pending",
      "tags": null,
      "due": "2025-11-25T00:00:00",
      "created": "2025-11-11T19:45:20.9672959-07:00",
      "priority": 2,
      "modified": "2025-11-11T19:45:20.9949574-07:00",
      "project": "11"
    },
    {
      "id": "c1e0964c-a46b-4c7f-9966-9e5e1afceb6c",
      "modified": "2025-11-11T20:58:25.6496906-07:00",
      "parent_id": "c6f2bed5-6246-4be9-afc8-161bbb3ebcb0",
      "created": "2025-11-11T20:58:25.6120479-07:00",
      "status": "pending",
      "tags": null,
      "text": "subtask1",
      "priority": 3,
      "completed": false,
      "project": ""
    }
  ]
}
